,accuracy,approach,yes_count_accuracy,multiple_yes_percent,no_yes_percent
gpt-4o,72.0,yes/no,60.0,38.0,2.0
deepseek,67.06706706706707,yes/no,55.85585585585585,29.52952952952953,14.614614614614615
grok-2,72.67267267267268,yes/no,62.56256256256256,29.429429429429426,8.008008008008009
claude-3-7-sonnet,80.4,yes/no,68.8,25.6,5.6000000000000005
llama,53.800000000000004,yes/no,25.2,73.7,1.0999999999999999
